
{
  "title": "Censo Letrados",
  "type": "object",
  "schemaVersion": 1,
  "properties": {
    "url": {
      "title": "URL del censo",
      "type": "string",
      "description": "URL del censo de letrados",
      "default": "https://www.abogacia.es/servicios-abogacia/censo-de-letrados/"
    },
    "colegio": {
      "title": "Nombre del colegio",
      "type": "string",
      "description": "Nombre visible en el desplegable (exactamente como aparece)",
      "default": "A CORUÑA"
    }
  },
  "required": ["url", "colegio"]
}
